DocumentType,

- need new value
- no document type applies
"- no document type appliesc(""; sf form""; ""; (amend) dkt 72""; ""budget; draft""; ""budget; final""; ""statement; draft""; ""bulletin; draft""; ""letter; draft""; ""exam; draft""; ""nureg; draft""; ""guide; draft""; ""report; draft""; ""technical specification;""; ""; nrc form""; ""report; administrative""; ""report; miscellaneous""; ""report; technical""; ""; draft""; ""; amendment""; ""order; confirmatory""; ""report; monthly""; ""; verbal""; ""; reply""; ""renewal; report""; ""license-operator;""; ""form 474; simulation;""; ""form 398; personal""; ""form 396; certification""; ""cask; isfsi; (amend)""; ""30; 40; 50; 70""; ""30; 40; 70""; ""40; 50; 70""; ""40; 70""; ""petition; responses""; ""correspondence; outgoing""; ""inspections; tests; analyses; and""; ""; initial""; ""rfps; invitation to bid; request""; ""; gsa""; ""contract; grant; or agreement""; ""; offer"") safety evaluation report (dser)"
(amend) dkt 72
2.206 acknowledgment letter
2.206 director decision
2.206 petition
2.802 process - acknowledgement letter
2.802 process - docketing letter
2.802 process - petition for rulemaking (prm)
2.802 process - petition for rulemaking (prm) submittal
abnormal occurrence reports (see also ler & ro)
acceptance review letter
accident sequence precursor (asp) analysis
"acq-amendment of solicitation/modification of contractc(""; sf form""; ""; (amend) dkt 72""; ""budget; draft""; ""budget; final""; ""statement; draft""; ""bulletin; draft""; ""letter; draft""; ""exam; draft""; ""nureg; draft""; ""guide; draft""; ""report; draft""; ""technical specification;""; ""; nrc form""; ""report; administrative""; ""report; miscellaneous""; ""report; technical""; ""; draft""; ""; amendment""; ""order; confirmatory""; ""report; monthly""; ""; verbal""; ""; reply""; ""renewal; report""; ""license-operator;""; ""form 474; simulation;""; ""form 398; personal""; ""form 396; certification""; ""cask; isfsi; (amend)""; ""30; 40; 50; 70""; ""30; 40; 70""; ""40; 50; 70""; ""40; 70""; ""petition; responses""; ""correspondence; outgoing""; ""inspections; tests; analyses; and""; ""; initial""; ""rfps; invitation to bid; request""; ""; gsa""; ""contract; grant; or agreement""; ""; offer"") 30"
acq-contract
acq-contract closeout (final notice letter)
acq-contract deliverable
acq-contract execution correspondence
acq-contract final report
acq-contract modification
acq-contract modification execution correspondence
acq-contract monthly status report
acq-contract solicitation
acq-contract status report
acq-contract task order
acq-contract task order modification
acq-cooperative agreement
acq-cooperative agreement modification
acq-cooperative agreement status report
acq-correspondence
acq-grant
acq-grant modification
acq-interagency agreement
acq-invitation for bid (ifb)
acq-invoice
acq-pre-award correspondence
acq-presolicitation document
acq-proposal for contract
acq-proposal for modification to task order
acq-proposal for purchase order
acq-proposal for task order
acq-purchase order
acq-purchase order modification
acq-purchase order presolicitation document
acq-request for proposal (rfp)
acq-request for quotation (rfq)
"acq-request for quotationc(""; sf form""; ""; (amend) dkt 72""; ""budget; draft""; ""budget; final""; ""statement; draft""; ""bulletin; draft""; ""letter; draft""; ""exam; draft""; ""nureg; draft""; ""guide; draft""; ""report; draft""; ""technical specification;""; ""; nrc form""; ""report; administrative""; ""report; miscellaneous""; ""report; technical""; ""; draft""; ""; amendment""; ""order; confirmatory""; ""report; monthly""; ""; verbal""; ""; reply""; ""renewal; report""; ""license-operator;""; ""form 474; simulation;""; ""form 398; personal""; ""form 396; certification""; ""cask; isfsi; (amend)""; ""30; 40; 50; 70""; ""30; 40; 70""; ""40; 50; 70""; ""40; 70""; ""petition; responses""; ""correspondence; outgoing""; ""inspections; tests; analyses; and""; ""; initial""; ""rfps; invitation to bid; request""; ""; gsa""; ""contract; grant; or agreement""; ""; offer"")18"
acq-solicitation amendment
"acq-solicitation/contract/order for commercial itemc(""; sf form""; ""; (amend) dkt 72""; ""budget; draft""; ""budget; final""; ""statement; draft""; ""bulletin; draft""; ""letter; draft""; ""exam; draft""; ""nureg; draft""; ""guide; draft""; ""report; draft""; ""technical specification;""; ""; nrc form""; ""report; administrative""; ""report; miscellaneous""; ""report; technical""; ""; draft""; ""; amendment""; ""order; confirmatory""; ""report; monthly""; ""; verbal""; ""; reply""; ""renewal; report""; ""license-operator;""; ""form 474; simulation;""; ""form 398; personal""; ""form 396; certification""; ""cask; isfsi; (amend)""; ""30; 40; 50; 70""; ""30; 40; 70""; ""40; 50; 70""; ""40; 70""; ""petition; responses""; ""correspondence; outgoing""; ""inspections; tests; analyses; and""; ""; initial""; ""rfps; invitation to bid; request""; ""; gsa""; ""contract; grant; or agreement""; ""; offer"") 1449"
"acq-solicitationc(""; sf form""; ""; (amend) dkt 72""; ""budget; draft""; ""budget; final""; ""statement; draft""; ""bulletin; draft""; ""letter; draft""; ""exam; draft""; ""nureg; draft""; ""guide; draft""; ""report; draft""; ""technical specification;""; ""; nrc form""; ""report; administrative""; ""report; miscellaneous""; ""report; technical""; ""; draft""; ""; amendment""; ""order; confirmatory""; ""report; monthly""; ""; verbal""; ""; reply""; ""renewal; report""; ""license-operator;""; ""form 474; simulation;""; ""form 398; personal""; ""form 396; certification""; ""cask; isfsi; (amend)""; ""30; 40; 50; 70""; ""30; 40; 70""; ""40; 50; 70""; ""40; 70""; ""petition; responses""; ""correspondence; outgoing""; ""inspections; tests; analyses; and""; ""; initial""; ""rfps; invitation to bid; request""; ""; gsa""; ""contract; grant; or agreement""; ""; offer"") and awardc(""; sf form""; ""; (amend) dkt 72""; ""budget; draft""; ""budget; final""; ""statement; draft""; ""bulletin; draft""; ""letter; draft""; ""exam; draft""; ""nureg; draft""; ""guide; draft""; ""report; draft""; ""technical specification;""; ""; nrc form""; ""report; administrative""; ""report; miscellaneous""; ""report; technical""; ""; draft""; ""; amendment""; ""order; confirmatory""; ""report; monthly""; ""; verbal""; ""; reply""; ""renewal; report""; ""license-operator;""; ""form 474; simulation;""; ""form 398; personal""; ""form 396; certification""; ""cask; isfsi; (amend)""; ""30; 40; 50; 70""; ""30; 40; 70""; ""40; 50; 70""; ""40; 70""; ""petition; responses""; ""correspondence; outgoing""; ""inspections; tests; analyses; and""; ""; initial""; ""rfps; invitation to bid; request""; ""; gsa""; ""contract; grant; or agreement""; ""; offer"") 33"
"acq-supporting documentation for c(""; sf form""; ""; (amend) dkt 72""; ""budget; draft""; ""budget; final""; ""statement; draft""; ""bulletin; draft""; ""letter; draft""; ""exam; draft""; ""nureg; draft""; ""guide; draft""; ""report; draft""; ""technical specification;""; ""; nrc form""; ""report; administrative""; ""report; miscellaneous""; ""report; technical""; ""; draft""; ""; amendment""; ""order; confirmatory""; ""report; monthly""; ""; verbal""; ""; reply""; ""renewal; report""; ""license-operator;""; ""form 474; simulation;""; ""form 398; personal""; ""form 396; certification""; ""cask; isfsi; (amend)""; ""30; 40; 50; 70""; ""30; 40; 70""; ""40; 50; 70""; ""40; 70""; ""petition; responses""; ""correspondence; outgoing""; ""inspections; tests; analyses; and""; ""; initial""; ""rfps; invitation to bid; request""; ""; gsa""; ""contract; grant; or agreement""; ""; offer"") modification"
acq-supporting documentation for task order
acrs background information
acrs consultant report
acrs meeting notebooks
acrs status report
acrs summary report
adm ticket
administrative form
"administrative formc(""; sf form""; ""; (amend) dkt 72""; ""budget; draft""; ""budget; final""; ""statement; draft""; ""bulletin; draft""; ""letter; draft""; ""exam; draft""; ""nureg; draft""; ""guide; draft""; ""report; draft""; ""technical specification;""; ""; nrc form""; ""report; administrative""; ""report; miscellaneous""; ""report; technical""; ""; draft""; ""; amendment""; ""order; confirmatory""; ""report; monthly""; ""; verbal""; ""; reply""; ""renewal; report""; ""license-operator;""; ""form 474; simulation;""; ""form 398; personal""; ""form 396; certification""; ""cask; isfsi; (amend)""; ""30; 40; 50; 70""; ""30; 40; 70""; ""40; 50; 70""; ""40; 70""; ""petition; responses""; ""correspondence; outgoing""; ""inspections; tests; analyses; and""; ""; initial""; ""rfps; invitation to bid; request""; ""; gsa""; ""contract; grant; or agreement""; ""; offer"")"
advisory report
affidavits
agreement
agreement request
agreement states
agreement states-regulations review
all agreement states letter
all versions
amends & renewal
anderson reporting service
"annual c(""; sf form""; ""; (amend) dkt 72""; ""budget; draft""; ""budget; final""; ""statement; draft""; ""bulletin; draft""; ""letter; draft""; ""exam; draft""; ""nureg; draft""; ""guide; draft""; ""report; draft""; ""technical specification;""; ""; nrc form""; ""report; administrative""; ""report; miscellaneous""; ""report; technical""; ""; draft""; ""; amendment""; ""order; confirmatory""; ""report; monthly""; ""; verbal""; ""; reply""; ""renewal; report""; ""license-operator;""; ""form 474; simulation;""; ""form 398; personal""; ""form 396; certification""; ""cask; isfsi; (amend)""; ""30; 40; 50; 70""; ""30; 40; 70""; ""40; 50; 70""; ""40; 70""; ""petition; responses""; ""correspondence; outgoing""; ""inspections; tests; analyses; and""; ""; initial""; ""rfps; invitation to bid; request""; ""; gsa""; ""contract; grant; or agreement""; ""; offer"") specifications"
"annual operating c(""; sf form""; ""; (amend) dkt 72""; ""budget; draft""; ""budget; final""; ""statement; draft""; ""bulletin; draft""; ""letter; draft""; ""exam; draft""; ""nureg; draft""; ""guide; draft""; ""report; draft""; ""technical specification;""; ""; nrc form""; ""report; administrative""; ""report; miscellaneous""; ""report; technical""; ""; draft""; ""; amendment""; ""order; confirmatory""; ""report; monthly""; ""; verbal""; ""; reply""; ""renewal; report""; ""license-operator;""; ""form 474; simulation;""; ""form 398; personal""; ""form 396; certification""; ""cask; isfsi; (amend)""; ""30; 40; 50; 70""; ""30; 40; 70""; ""40; 50; 70""; ""40; 70""; ""petition; responses""; ""correspondence; outgoing""; ""inspections; tests; analyses; and""; ""; initial""; ""rfps; invitation to bid; request""; ""; gsa""; ""contract; grant; or agreement""; ""; offer"") specifications"
annual operating report
annual report
annual reports (company-financial)
any external memorandum routed to nrc & notes
application
archive records
arrangement-general--drawings-applicant's facility
audio file
audit plan
audit report
audits
backgrounder
bankcard statement and bankcard voucher
biweekly notice memoranda
branch technical position
briefs
brochure
budget assumptions
budget execution report
budget planning and estimates
"c(""; sf form""; ""; (amend) dkt 72""; ""budget; draft""; ""budget; final""; ""statement; draft""; ""bulletin; draft""; ""letter; draft""; ""exam; draft""; ""nureg; draft""; ""guide; draft""; ""report; draft""; ""technical specification;""; ""; nrc form""; ""report; administrative""; ""report; miscellaneous""; ""report; technical""; ""; draft""; ""; amendment""; ""order; confirmatory""; ""report; monthly""; ""; verbal""; ""; reply""; ""renewal; report""; ""license-operator;""; ""form 474; simulation;""; ""form 398; personal""; ""form 396; certification""; ""cask; isfsi; (amend)""; ""30; 40; 50; 70""; ""30; 40; 70""; ""40; 50; 70""; ""40; 70""; ""petition; responses""; ""correspondence; outgoing""; ""inspections; tests; analyses; and""; ""; initial""; ""rfps; invitation to bid; request""; ""; gsa""; ""contract; grant; or agreement""; ""; offer"")"
"c(""; sf form""; ""; (amend) dkt 72""; ""budget; draft""; ""budget; final""; ""statement; draft""; ""bulletin; draft""; ""letter; draft""; ""exam; draft""; ""nureg; draft""; ""guide; draft""; ""report; draft""; ""technical specification;""; ""; nrc form""; ""report; administrative""; ""report; miscellaneous""; ""report; technical""; ""; draft""; ""; amendment""; ""order; confirmatory""; ""report; monthly""; ""; verbal""; ""; reply""; ""renewal; report""; ""license-operator;""; ""form 474; simulation;""; ""form 398; personal""; ""form 396; certification""; ""cask; isfsi; (amend)""; ""30; 40; 50; 70""; ""30; 40; 70""; ""40; 50; 70""; ""40; 70""; ""petition; responses""; ""correspondence; outgoing""; ""inspections; tests; analyses; and""; ""; initial""; ""rfps; invitation to bid; request""; ""; gsa""; ""contract; grant; or agreement""; ""; offer"") acceptance criteria (itaac)"
"c(""; sf form""; ""; (amend) dkt 72""; ""budget; draft""; ""budget; final""; ""statement; draft""; ""bulletin; draft""; ""letter; draft""; ""exam; draft""; ""nureg; draft""; ""guide; draft""; ""report; draft""; ""technical specification;""; ""; nrc form""; ""report; administrative""; ""report; miscellaneous""; ""report; technical""; ""; draft""; ""; amendment""; ""order; confirmatory""; ""report; monthly""; ""; verbal""; ""; reply""; ""renewal; report""; ""license-operator;""; ""form 474; simulation;""; ""form 398; personal""; ""form 396; certification""; ""cask; isfsi; (amend)""; ""30; 40; 50; 70""; ""30; 40; 70""; ""40; 50; 70""; ""40; 70""; ""petition; responses""; ""correspondence; outgoing""; ""inspections; tests; analyses; and""; ""; initial""; ""rfps; invitation to bid; request""; ""; gsa""; ""contract; grant; or agreement""; ""; offer"") acceptance criteria (itaac) closure notification (icn)"
"c(""; sf form""; ""; (amend) dkt 72""; ""budget; draft""; ""budget; final""; ""statement; draft""; ""bulletin; draft""; ""letter; draft""; ""exam; draft""; ""nureg; draft""; ""guide; draft""; ""report; draft""; ""technical specification;""; ""; nrc form""; ""report; administrative""; ""report; miscellaneous""; ""report; technical""; ""; draft""; ""; amendment""; ""order; confirmatory""; ""report; monthly""; ""; verbal""; ""; reply""; ""renewal; report""; ""license-operator;""; ""form 474; simulation;""; ""form 398; personal""; ""form 396; certification""; ""cask; isfsi; (amend)""; ""30; 40; 50; 70""; ""30; 40; 70""; ""40; 50; 70""; ""40; 70""; ""petition; responses""; ""correspondence; outgoing""; ""inspections; tests; analyses; and""; ""; initial""; ""rfps; invitation to bid; request""; ""; gsa""; ""contract; grant; or agreement""; ""; offer"") amendment"
"c(""; sf form""; ""; (amend) dkt 72""; ""budget; draft""; ""budget; final""; ""statement; draft""; ""bulletin; draft""; ""letter; draft""; ""exam; draft""; ""nureg; draft""; ""guide; draft""; ""report; draft""; ""technical specification;""; ""; nrc form""; ""report; administrative""; ""report; miscellaneous""; ""report; technical""; ""; draft""; ""; amendment""; ""order; confirmatory""; ""report; monthly""; ""; verbal""; ""; reply""; ""renewal; report""; ""license-operator;""; ""form 474; simulation;""; ""form 398; personal""; ""form 396; certification""; ""cask; isfsi; (amend)""; ""30; 40; 50; 70""; ""30; 40; 70""; ""40; 50; 70""; ""40; 70""; ""petition; responses""; ""correspondence; outgoing""; ""inspections; tests; analyses; and""; ""; initial""; ""rfps; invitation to bid; request""; ""; gsa""; ""contract; grant; or agreement""; ""; offer"") bases change"
"c(""; sf form""; ""; (amend) dkt 72""; ""budget; draft""; ""budget; final""; ""statement; draft""; ""bulletin; draft""; ""letter; draft""; ""exam; draft""; ""nureg; draft""; ""guide; draft""; ""report; draft""; ""technical specification;""; ""; nrc form""; ""report; administrative""; ""report; miscellaneous""; ""report; technical""; ""; draft""; ""; amendment""; ""order; confirmatory""; ""report; monthly""; ""; verbal""; ""; reply""; ""renewal; report""; ""license-operator;""; ""form 474; simulation;""; ""form 398; personal""; ""form 396; certification""; ""cask; isfsi; (amend)""; ""30; 40; 50; 70""; ""30; 40; 70""; ""40; 50; 70""; ""40; 70""; ""petition; responses""; ""correspondence; outgoing""; ""inspections; tests; analyses; and""; ""; initial""; ""rfps; invitation to bid; request""; ""; gsa""; ""contract; grant; or agreement""; ""; offer"") c(""; sf form""; ""; (amend) dkt 72""; ""budget; draft""; ""budget; final""; ""statement; draft""; ""bulletin; draft""; ""letter; draft""; ""exam; draft""; ""nureg; draft""; ""guide; draft""; ""report; draft""; ""technical specification;""; ""; nrc form""; ""report; administrative""; ""report; miscellaneous""; ""report; technical""; ""; draft""; ""; amendment""; ""order; confirmatory""; ""report; monthly""; ""; verbal""; ""; reply""; ""renewal; report""; ""license-operator;""; ""form 474; simulation;""; ""form 398; personal""; ""form 396; certification""; ""cask; isfsi; (amend)""; ""30; 40; 50; 70""; ""30; 40; 70""; ""40; 50; 70""; ""40; 70""; ""petition; responses""; ""correspondence; outgoing""; ""inspections; tests; analyses; and""; ""; initial""; ""rfps; invitation to bid; request""; ""; gsa""; ""contract; grant; or agreement""; ""; offer"") of medical examination"
"c(""; sf form""; ""; (amend) dkt 72""; ""budget; draft""; ""budget; final""; ""statement; draft""; ""bulletin; draft""; ""letter; draft""; ""exam; draft""; ""nureg; draft""; ""guide; draft""; ""report; draft""; ""technical specification;""; ""; nrc form""; ""report; administrative""; ""report; miscellaneous""; ""report; technical""; ""; draft""; ""; amendment""; ""order; confirmatory""; ""report; monthly""; ""; verbal""; ""; reply""; ""renewal; report""; ""license-operator;""; ""form 474; simulation;""; ""form 398; personal""; ""form 396; certification""; ""cask; isfsi; (amend)""; ""30; 40; 50; 70""; ""30; 40; 70""; ""40; 50; 70""; ""40; 70""; ""petition; responses""; ""correspondence; outgoing""; ""inspections; tests; analyses; and""; ""; initial""; ""rfps; invitation to bid; request""; ""; gsa""; ""contract; grant; or agreement""; ""; offer"") c(""; sf form""; ""; (amend) dkt 72""; ""budget; draft""; ""budget; final""; ""statement; draft""; ""bulletin; draft""; ""letter; draft""; ""exam; draft""; ""nureg; draft""; ""guide; draft""; ""report; draft""; ""technical specification;""; ""; nrc form""; ""report; administrative""; ""report; miscellaneous""; ""report; technical""; ""; draft""; ""; amendment""; ""order; confirmatory""; ""report; monthly""; ""; verbal""; ""; reply""; ""renewal; report""; ""license-operator;""; ""form 474; simulation;""; ""form 398; personal""; ""form 396; certification""; ""cask; isfsi; (amend)""; ""30; 40; 50; 70""; ""30; 40; 70""; ""40; 50; 70""; ""40; 70""; ""petition; responses""; ""correspondence; outgoing""; ""inspections; tests; analyses; and""; ""; initial""; ""rfps; invitation to bid; request""; ""; gsa""; ""contract; grant; or agreement""; ""; offer"") qualification statement"
"c(""; sf form""; ""; (amend) dkt 72""; ""budget; draft""; ""budget; final""; ""statement; draft""; ""bulletin; draft""; ""letter; draft""; ""exam; draft""; ""nureg; draft""; ""guide; draft""; ""report; draft""; ""technical specification;""; ""; nrc form""; ""report; administrative""; ""report; miscellaneous""; ""report; technical""; ""; draft""; ""; amendment""; ""order; confirmatory""; ""report; monthly""; ""; verbal""; ""; reply""; ""renewal; report""; ""license-operator;""; ""form 474; simulation;""; ""form 398; personal""; ""form 396; certification""; ""cask; isfsi; (amend)""; ""30; 40; 50; 70""; ""30; 40; 70""; ""40; 50; 70""; ""40; 70""; ""petition; responses""; ""correspondence; outgoing""; ""inspections; tests; analyses; and""; ""; initial""; ""rfps; invitation to bid; request""; ""; gsa""; ""contract; grant; or agreement""; ""; offer"") certificate"
"c(""; sf form""; ""; (amend) dkt 72""; ""budget; draft""; ""budget; final""; ""statement; draft""; ""bulletin; draft""; ""letter; draft""; ""exam; draft""; ""nureg; draft""; ""guide; draft""; ""report; draft""; ""technical specification;""; ""; nrc form""; ""report; administrative""; ""report; miscellaneous""; ""report; technical""; ""; draft""; ""; amendment""; ""order; confirmatory""; ""report; monthly""; ""; verbal""; ""; reply""; ""renewal; report""; ""license-operator;""; ""form 474; simulation;""; ""form 398; personal""; ""form 396; certification""; ""cask; isfsi; (amend)""; ""30; 40; 50; 70""; ""30; 40; 70""; ""40; 50; 70""; ""40; 70""; ""petition; responses""; ""correspondence; outgoing""; ""inspections; tests; analyses; and""; ""; initial""; ""rfps; invitation to bid; request""; ""; gsa""; ""contract; grant; or agreement""; ""; offer"") fitness for duty (ffd)"
"c(""; sf form""; ""; (amend) dkt 72""; ""budget; draft""; ""budget; final""; ""statement; draft""; ""bulletin; draft""; ""letter; draft""; ""exam; draft""; ""nureg; draft""; ""guide; draft""; ""report; draft""; ""technical specification;""; ""; nrc form""; ""report; administrative""; ""report; miscellaneous""; ""report; technical""; ""; draft""; ""; amendment""; ""order; confirmatory""; ""report; monthly""; ""; verbal""; ""; reply""; ""renewal; report""; ""license-operator;""; ""form 474; simulation;""; ""form 398; personal""; ""form 396; certification""; ""cask; isfsi; (amend)""; ""30; 40; 50; 70""; ""30; 40; 70""; ""40; 50; 70""; ""40; 70""; ""petition; responses""; ""correspondence; outgoing""; ""inspections; tests; analyses; and""; ""; initial""; ""rfps; invitation to bid; request""; ""; gsa""; ""contract; grant; or agreement""; ""; offer"") form 474"
"c(""; sf form""; ""; (amend) dkt 72""; ""budget; draft""; ""budget; final""; ""statement; draft""; ""bulletin; draft""; ""letter; draft""; ""exam; draft""; ""nureg; draft""; ""guide; draft""; ""report; draft""; ""technical specification;""; ""; nrc form""; ""report; administrative""; ""report; miscellaneous""; ""report; technical""; ""; draft""; ""; amendment""; ""order; confirmatory""; ""report; monthly""; ""; verbal""; ""; reply""; ""renewal; report""; ""license-operator;""; ""form 474; simulation;""; ""form 398; personal""; ""form 396; certification""; ""cask; isfsi; (amend)""; ""30; 40; 50; 70""; ""30; 40; 70""; ""40; 50; 70""; ""40; 70""; ""petition; responses""; ""correspondence; outgoing""; ""inspections; tests; analyses; and""; ""; initial""; ""rfps; invitation to bid; request""; ""; gsa""; ""contract; grant; or agreement""; ""; offer"") generic fundamental examination (gfe)"
"c(""; sf form""; ""; (amend) dkt 72""; ""budget; draft""; ""budget; final""; ""statement; draft""; ""bulletin; draft""; ""letter; draft""; ""exam; draft""; ""nureg; draft""; ""guide; draft""; ""report; draft""; ""technical specification;""; ""; nrc form""; ""report; administrative""; ""report; miscellaneous""; ""report; technical""; ""; draft""; ""; amendment""; ""order; confirmatory""; ""report; monthly""; ""; verbal""; ""; reply""; ""renewal; report""; ""license-operator;""; ""form 474; simulation;""; ""form 398; personal""; ""form 396; certification""; ""cask; isfsi; (amend)""; ""30; 40; 50; 70""; ""30; 40; 70""; ""40; 50; 70""; ""40; 70""; ""petition; responses""; ""correspondence; outgoing""; ""inspections; tests; analyses; and""; ""; initial""; ""rfps; invitation to bid; request""; ""; gsa""; ""contract; grant; or agreement""; ""; offer"") license (new/renewal/amend) dkt 55"
"c(""; sf form""; ""; (amend) dkt 72""; ""budget; draft""; ""budget; final""; ""statement; draft""; ""bulletin; draft""; ""letter; draft""; ""exam; draft""; ""nureg; draft""; ""guide; draft""; ""report; draft""; ""technical specification;""; ""; nrc form""; ""report; administrative""; ""report; miscellaneous""; ""report; technical""; ""; draft""; ""; amendment""; ""order; confirmatory""; ""report; monthly""; ""; verbal""; ""; reply""; ""renewal; report""; ""license-operator;""; ""form 474; simulation;""; ""form 398; personal""; ""form 396; certification""; ""cask; isfsi; (amend)""; ""30; 40; 50; 70""; ""30; 40; 70""; ""40; 50; 70""; ""40; 70""; ""petition; responses""; ""correspondence; outgoing""; ""inspections; tests; analyses; and""; ""; initial""; ""rfps; invitation to bid; request""; ""; gsa""; ""contract; grant; or agreement""; ""; offer"") other hq and regional correspondence"
"c(""; sf form""; ""; (amend) dkt 72""; ""budget; draft""; ""budget; final""; ""statement; draft""; ""bulletin; draft""; ""letter; draft""; ""exam; draft""; ""nureg; draft""; ""guide; draft""; ""report; draft""; ""technical specification;""; ""; nrc form""; ""report; administrative""; ""report; miscellaneous""; ""report; technical""; ""; draft""; ""; amendment""; ""order; confirmatory""; ""report; monthly""; ""; verbal""; ""; reply""; ""renewal; report""; ""license-operator;""; ""form 474; simulation;""; ""form 398; personal""; ""form 396; certification""; ""cask; isfsi; (amend)""; ""30; 40; 50; 70""; ""30; 40; 70""; ""40; 50; 70""; ""40; 70""; ""petition; responses""; ""correspondence; outgoing""; ""inspections; tests; analyses; and""; ""; initial""; ""rfps; invitation to bid; request""; ""; gsa""; ""contract; grant; or agreement""; ""; offer"") part 55 examination related material"
"c(""; sf form""; ""; (amend) dkt 72""; ""budget; draft""; ""budget; final""; ""statement; draft""; ""bulletin; draft""; ""letter; draft""; ""exam; draft""; ""nureg; draft""; ""guide; draft""; ""report; draft""; ""technical specification;""; ""; nrc form""; ""report; administrative""; ""report; miscellaneous""; ""report; technical""; ""; draft""; ""; amendment""; ""order; confirmatory""; ""report; monthly""; ""; verbal""; ""; reply""; ""renewal; report""; ""license-operator;""; ""form 474; simulation;""; ""form 398; personal""; ""form 396; certification""; ""cask; isfsi; (amend)""; ""30; 40; 50; 70""; ""30; 40; 70""; ""40; 50; 70""; ""40; 70""; ""petition; responses""; ""correspondence; outgoing""; ""inspections; tests; analyses; and""; ""; initial""; ""rfps; invitation to bid; request""; ""; gsa""; ""contract; grant; or agreement""; ""; offer"") part 55 historical related material"
"c(""; sf form""; ""; (amend) dkt 72""; ""budget; draft""; ""budget; final""; ""statement; draft""; ""bulletin; draft""; ""letter; draft""; ""exam; draft""; ""nureg; draft""; ""guide; draft""; ""report; draft""; ""technical specification;""; ""; nrc form""; ""report; administrative""; ""report; miscellaneous""; ""report; technical""; ""; draft""; ""; amendment""; ""order; confirmatory""; ""report; monthly""; ""; verbal""; ""; reply""; ""renewal; report""; ""license-operator;""; ""form 474; simulation;""; ""form 398; personal""; ""form 396; certification""; ""cask; isfsi; (amend)""; ""30; 40; 50; 70""; ""30; 40; 70""; ""40; 50; 70""; ""40; 70""; ""petition; responses""; ""correspondence; outgoing""; ""inspections; tests; analyses; and""; ""; initial""; ""rfps; invitation to bid; request""; ""; gsa""; ""contract; grant; or agreement""; ""; offer"") part 55 licensing related material"
"c(""; sf form""; ""; (amend) dkt 72""; ""budget; draft""; ""budget; final""; ""statement; draft""; ""bulletin; draft""; ""letter; draft""; ""exam; draft""; ""nureg; draft""; ""guide; draft""; ""report; draft""; ""technical specification;""; ""; nrc form""; ""report; administrative""; ""report; miscellaneous""; ""report; technical""; ""; draft""; ""; amendment""; ""order; confirmatory""; ""report; monthly""; ""; verbal""; ""; reply""; ""renewal; report""; ""license-operator;""; ""form 474; simulation;""; ""form 398; personal""; ""form 396; certification""; ""cask; isfsi; (amend)""; ""30; 40; 50; 70""; ""30; 40; 70""; ""40; 50; 70""; ""40; 70""; ""petition; responses""; ""correspondence; outgoing""; ""inspections; tests; analyses; and""; ""; initial""; ""rfps; invitation to bid; request""; ""; gsa""; ""contract; grant; or agreement""; ""; offer"") report on interaction (roi)"
"c(""; sf form""; ""; (amend) dkt 72""; ""budget; draft""; ""budget; final""; ""statement; draft""; ""bulletin; draft""; ""letter; draft""; ""exam; draft""; ""nureg; draft""; ""guide; draft""; ""report; draft""; ""technical specification;""; ""; nrc form""; ""report; administrative""; ""report; miscellaneous""; ""report; technical""; ""; draft""; ""; amendment""; ""order; confirmatory""; ""report; monthly""; ""; verbal""; ""; reply""; ""renewal; report""; ""license-operator;""; ""form 474; simulation;""; ""form 398; personal""; ""form 396; certification""; ""cask; isfsi; (amend)""; ""30; 40; 50; 70""; ""30; 40; 70""; ""40; 50; 70""; ""40; 70""; ""petition; responses""; ""correspondence; outgoing""; ""inspections; tests; analyses; and""; ""; initial""; ""rfps; invitation to bid; request""; ""; gsa""; ""contract; grant; or agreement""; ""; offer"") requalification program audit"
"c(""; sf form""; ""; (amend) dkt 72""; ""budget; draft""; ""budget; final""; ""statement; draft""; ""bulletin; draft""; ""letter; draft""; ""exam; draft""; ""nureg; draft""; ""guide; draft""; ""report; draft""; ""technical specification;""; ""; nrc form""; ""report; administrative""; ""report; miscellaneous""; ""report; technical""; ""; draft""; ""; amendment""; ""order; confirmatory""; ""report; monthly""; ""; verbal""; ""; reply""; ""renewal; report""; ""license-operator;""; ""form 474; simulation;""; ""form 398; personal""; ""form 396; certification""; ""cask; isfsi; (amend)""; ""30; 40; 50; 70""; ""30; 40; 70""; ""40; 50; 70""; ""40; 70""; ""petition; responses""; ""correspondence; outgoing""; ""inspections; tests; analyses; and""; ""; initial""; ""rfps; invitation to bid; request""; ""; gsa""; ""contract; grant; or agreement""; ""; offer"") safety evaluation report (dser)"
"c(""; sf form""; ""; (amend) dkt 72""; ""budget; draft""; ""budget; final""; ""statement; draft""; ""bulletin; draft""; ""letter; draft""; ""exam; draft""; ""nureg; draft""; ""guide; draft""; ""report; draft""; ""technical specification;""; ""; nrc form""; ""report; administrative""; ""report; miscellaneous""; ""report; technical""; ""; draft""; ""; amendment""; ""order; confirmatory""; ""report; monthly""; ""; verbal""; ""; reply""; ""renewal; report""; ""license-operator;""; ""form 474; simulation;""; ""form 398; personal""; ""form 396; certification""; ""cask; isfsi; (amend)""; ""30; 40; 50; 70""; ""30; 40; 70""; ""40; 50; 70""; ""40; 70""; ""petition; responses""; ""correspondence; outgoing""; ""inspections; tests; analyses; and""; ""; initial""; ""rfps; invitation to bid; request""; ""; gsa""; ""contract; grant; or agreement""; ""; offer"")c(""; sf form""; ""; (amend) dkt 72""; ""budget; draft""; ""budget; final""; ""statement; draft""; ""bulletin; draft""; ""letter; draft""; ""exam; draft""; ""nureg; draft""; ""guide; draft""; ""report; draft""; ""technical specification;""; ""; nrc form""; ""report; administrative""; ""report; miscellaneous""; ""report; technical""; ""; draft""; ""; amendment""; ""order; confirmatory""; ""report; monthly""; ""; verbal""; ""; reply""; ""renewal; report""; ""license-operator;""; ""form 474; simulation;""; ""form 398; personal""; ""form 396; certification""; ""cask; isfsi; (amend)""; ""30; 40; 50; 70""; ""30; 40; 70""; ""40; 50; 70""; ""40; 70""; ""petition; responses""; ""correspondence; outgoing""; ""inspections; tests; analyses; and""; ""; initial""; ""rfps; invitation to bid; request""; ""; gsa""; ""contract; grant; or agreement""; ""; offer"") safety analysis report (sar)"
calculation
capital planning and investment control (cpic)
certificates of compliance
certificates of service
chairman daily
charter
chilling effect letter
cnwra administrative procedure
cnwra corrective action request
cnwra instrument calibration procedure
cnwra instrument calibration record
cnwra journal article
cnwra procurement record
cnwra qa nonconformance report
cnwra qa surveillance report
cnwra quality assurance procedure
cnwra scientific notebook and supplemental material
cnwra scientific sample custody log
cnwra software control documentation
cnwra subcontractor/consultant statement of work
cnwra technical operating procedure
cnwra technical report
code of federal regulations
code relief or alternative
codes and standards
commercial contract solicitation and award documents
commission action memoranda (com)
commission closed meeting documents
commission meeting agenda
commission meeting transcript/exhibit
commission notation vote
commission paper
commission secy paper
"commission secy paperc(""; sf form""; ""; (amend) dkt 72""; ""budget; draft""; ""budget; final""; ""statement; draft""; ""bulletin; draft""; ""letter; draft""; ""exam; draft""; ""nureg; draft""; ""guide; draft""; ""report; draft""; ""technical specification;""; ""; nrc form""; ""report; administrative""; ""report; miscellaneous""; ""report; technical""; ""; draft""; ""; amendment""; ""order; confirmatory""; ""report; monthly""; ""; verbal""; ""; reply""; ""renewal; report""; ""license-operator;""; ""form 474; simulation;""; ""form 398; personal""; ""form 396; certification""; ""cask; isfsi; (amend)""; ""30; 40; 50; 70""; ""30; 40; 70""; ""40; 50; 70""; ""40; 70""; ""petition; responses""; ""correspondence; outgoing""; ""inspections; tests; analyses; and""; ""; initial""; ""rfps; invitation to bid; request""; ""; gsa""; ""contract; grant; or agreement""; ""; offer"") safety evaluation report (dser)"
commission staff requirements memo (srm)
commission voting record (cvr)
committee letter report
communication plan
conference & workshop papers/proceedings/abstracts
conference proceeding
conference/symposium/workshop paper
confirmatory action letter (cal)
confirmatory order
congressional affairs memorandum
congressional correspondence
congressional qas
congressional testimony
construction permits-application & amendments to app
construction permits-application to amend existing cp
"contract solicitation docs (c(""; sf form""; ""; (amend) dkt 72""; ""budget; draft""; ""budget; final""; ""statement; draft""; ""bulletin; draft""; ""letter; draft""; ""exam; draft""; ""nureg; draft""; ""guide; draft""; ""report; draft""; ""technical specification;""; ""; nrc form""; ""report; administrative""; ""report; miscellaneous""; ""report; technical""; ""; draft""; ""; amendment""; ""order; confirmatory""; ""report; monthly""; ""; verbal""; ""; reply""; ""renewal; report""; ""license-operator;""; ""form 474; simulation;""; ""form 398; personal""; ""form 396; certification""; ""cask; isfsi; (amend)""; ""30; 40; 50; 70""; ""30; 40; 70""; ""40; 50; 70""; ""40; 70""; ""petition; responses""; ""correspondence; outgoing""; ""inspections; tests; analyses; and""; ""; initial""; ""rfps; invitation to bid; request""; ""; gsa""; ""contract; grant; or agreement""; ""; offer"") for qualifications)"
contracted report - rta
contracts & amendments or supplements
correspondence-letters
daily event report
database file
"decommissioning funding plan dkts c(""; sf form""; ""; (amend) dkt 72""; ""budget; draft""; ""budget; final""; ""statement; draft""; ""bulletin; draft""; ""letter; draft""; ""exam; draft""; ""nureg; draft""; ""guide; draft""; ""report; draft""; ""technical specification;""; ""; nrc form""; ""report; administrative""; ""report; miscellaneous""; ""report; technical""; ""; draft""; ""; amendment""; ""order; confirmatory""; ""report; monthly""; ""; verbal""; ""; reply""; ""renewal; report""; ""license-operator;""; ""form 474; simulation;""; ""form 398; personal""; ""form 396; certification""; ""cask; isfsi; (amend)""; ""30; 40; 50; 70""; ""30; 40; 70""; ""40; 50; 70""; ""40; 70""; ""petition; responses""; ""correspondence; outgoing""; ""inspections; tests; analyses; and""; ""; initial""; ""rfps; invitation to bid; request""; ""; gsa""; ""contract; grant; or agreement""; ""; offer"")"
"decommissioning plan dkts c(""; sf form""; ""; (amend) dkt 72""; ""budget; draft""; ""budget; final""; ""statement; draft""; ""bulletin; draft""; ""letter; draft""; ""exam; draft""; ""nureg; draft""; ""guide; draft""; ""report; draft""; ""technical specification;""; ""; nrc form""; ""report; administrative""; ""report; miscellaneous""; ""report; technical""; ""; draft""; ""; amendment""; ""order; confirmatory""; ""report; monthly""; ""; verbal""; ""; reply""; ""renewal; report""; ""license-operator;""; ""form 474; simulation;""; ""form 398; personal""; ""form 396; certification""; ""cask; isfsi; (amend)""; ""30; 40; 50; 70""; ""30; 40; 70""; ""40; 50; 70""; ""40; 70""; ""petition; responses""; ""correspondence; outgoing""; ""inspections; tests; analyses; and""; ""; initial""; ""rfps; invitation to bid; request""; ""; gsa""; ""contract; grant; or agreement""; ""; offer"")"
deficiency correspondence (per 10cfr50.55e and part 21)
deficiency report (per 10cfr50.55e and part 21)
deficiency reports (per 10cfr50.55e & part 21)
delegation of authority (doa) for out of office
delegation of authority for permanent
demand for information (dfi)
depositions
design control document (dcd)
differing professional opinion case file
discovery reports
dkt 30 mtl byproduct
doe corrective action request
doe ympo standard deficiency report
draft safety analysis report (sar)
draft safety evaluation report (dser)
drawing
drawings
drawings-architectural-applicant's facility
drawings-geological&geophysical-applicant's facility
drawings-mechanical--applicant's facility
drawings-organization charts
drawings-other-applicant's facility
drawings-piping & instrumentation diagrams-applicant's
drawings-structural & civil-applicant's
e-mail
edo procedure
educational institution to nrc
electrical drawings-applicant's facility
emergency exercise scenario
emergency preparedness-emergency plan
emergency preparedness-emergency plan and post exercise evaluation (fema evaluation)
emergency preparedness-emergency plan exercise objectives and scenario
emergency preparedness-emergency plan implementing procedures
emergency preparedness-ep position
emergency preparedness-fema correspondence to nrc
emergency preparedness-nrc correspondence to fema
emergency preparedness-review of emergency plan changes
emergency preparedness-review of emergency plan exercise objectives and scenario
enforcement action
enforcement action worksheet
enforcement guidance memorandum
enforcement manual
enforcement notification
enforcement strategy
enforcement/regulatory conference invitation/reply
enforcement/regulatory conference transcript
engineering/construction/consulting firm to nrc
"environmental analysis c(""; sf form""; ""; (amend) dkt 72""; ""budget; draft""; ""budget; final""; ""statement; draft""; ""bulletin; draft""; ""letter; draft""; ""exam; draft""; ""nureg; draft""; ""guide; draft""; ""report; draft""; ""technical specification;""; ""; nrc form""; ""report; administrative""; ""report; miscellaneous""; ""report; technical""; ""; draft""; ""; amendment""; ""order; confirmatory""; ""report; monthly""; ""; verbal""; ""; reply""; ""renewal; report""; ""license-operator;""; ""form 474; simulation;""; ""form 398; personal""; ""form 396; certification""; ""cask; isfsi; (amend)""; ""30; 40; 50; 70""; ""30; 40; 70""; ""40; 50; 70""; ""40; 70""; ""petition; responses""; ""correspondence; outgoing""; ""inspections; tests; analyses; and""; ""; initial""; ""rfps; invitation to bid; request""; ""; gsa""; ""contract; grant; or agreement""; ""; offer"")"
environmental analysis statement
environmental assessment
"environmental c(""; sf form""; ""; (amend) dkt 72""; ""budget; draft""; ""budget; final""; ""statement; draft""; ""bulletin; draft""; ""letter; draft""; ""exam; draft""; ""nureg; draft""; ""guide; draft""; ""report; draft""; ""technical specification;""; ""; nrc form""; ""report; administrative""; ""report; miscellaneous""; ""report; technical""; ""; draft""; ""; amendment""; ""order; confirmatory""; ""report; monthly""; ""; verbal""; ""; reply""; ""renewal; report""; ""license-operator;""; ""form 474; simulation;""; ""form 398; personal""; ""form 396; certification""; ""cask; isfsi; (amend)""; ""30; 40; 50; 70""; ""30; 40; 70""; ""40; 50; 70""; ""40; 70""; ""petition; responses""; ""correspondence; outgoing""; ""inspections; tests; analyses; and""; ""; initial""; ""rfps; invitation to bid; request""; ""; gsa""; ""contract; grant; or agreement""; ""; offer"") c(""; sf form""; ""; (amend) dkt 72""; ""budget; draft""; ""budget; final""; ""statement; draft""; ""bulletin; draft""; ""letter; draft""; ""exam; draft""; ""nureg; draft""; ""guide; draft""; ""report; draft""; ""technical specification;""; ""; nrc form""; ""report; administrative""; ""report; miscellaneous""; ""report; technical""; ""; draft""; ""; amendment""; ""order; confirmatory""; ""report; monthly""; ""; verbal""; ""; reply""; ""renewal; report""; ""license-operator;""; ""form 474; simulation;""; ""form 398; personal""; ""form 396; certification""; ""cask; isfsi; (amend)""; ""30; 40; 50; 70""; ""30; 40; 70""; ""40; 50; 70""; ""40; 70""; ""petition; responses""; ""correspondence; outgoing""; ""inspections; tests; analyses; and""; ""; initial""; ""rfps; invitation to bid; request""; ""; gsa""; ""contract; grant; or agreement""; ""; offer"")"
"environmental c(""; sf form""; ""; (amend) dkt 72""; ""budget; draft""; ""budget; final""; ""statement; draft""; ""bulletin; draft""; ""letter; draft""; ""exam; draft""; ""nureg; draft""; ""guide; draft""; ""report; draft""; ""technical specification;""; ""; nrc form""; ""report; administrative""; ""report; miscellaneous""; ""report; technical""; ""; draft""; ""; amendment""; ""order; confirmatory""; ""report; monthly""; ""; verbal""; ""; reply""; ""renewal; report""; ""license-operator;""; ""form 474; simulation;""; ""form 398; personal""; ""form 396; certification""; ""cask; isfsi; (amend)""; ""30; 40; 50; 70""; ""30; 40; 70""; ""40; 50; 70""; ""40; 70""; ""petition; responses""; ""correspondence; outgoing""; ""inspections; tests; analyses; and""; ""; initial""; ""rfps; invitation to bid; request""; ""; gsa""; ""contract; grant; or agreement""; ""; offer"") federal register notice"
"environmental c(""; sf form""; ""; (amend) dkt 72""; ""budget; draft""; ""budget; final""; ""statement; draft""; ""bulletin; draft""; ""letter; draft""; ""exam; draft""; ""nureg; draft""; ""guide; draft""; ""report; draft""; ""technical specification;""; ""; nrc form""; ""report; administrative""; ""report; miscellaneous""; ""report; technical""; ""; draft""; ""; amendment""; ""order; confirmatory""; ""report; monthly""; ""; verbal""; ""; reply""; ""renewal; report""; ""license-operator;""; ""form 474; simulation;""; ""form 398; personal""; ""form 396; certification""; ""cask; isfsi; (amend)""; ""30; 40; 50; 70""; ""30; 40; 70""; ""40; 50; 70""; ""40; 70""; ""petition; responses""; ""correspondence; outgoing""; ""inspections; tests; analyses; and""; ""; initial""; ""rfps; invitation to bid; request""; ""; gsa""; ""contract; grant; or agreement""; ""; offer"") legal-correspondence"
"environmental c(""; sf form""; ""; (amend) dkt 72""; ""budget; draft""; ""budget; final""; ""statement; draft""; ""bulletin; draft""; ""letter; draft""; ""exam; draft""; ""nureg; draft""; ""guide; draft""; ""report; draft""; ""technical specification;""; ""; nrc form""; ""report; administrative""; ""report; miscellaneous""; ""report; technical""; ""; draft""; ""; amendment""; ""order; confirmatory""; ""report; monthly""; ""; verbal""; ""; reply""; ""renewal; report""; ""license-operator;""; ""form 474; simulation;""; ""form 398; personal""; ""form 396; certification""; ""cask; isfsi; (amend)""; ""30; 40; 50; 70""; ""30; 40; 70""; ""40; 50; 70""; ""40; 70""; ""petition; responses""; ""correspondence; outgoing""; ""inspections; tests; analyses; and""; ""; initial""; ""rfps; invitation to bid; request""; ""; gsa""; ""contract; grant; or agreement""; ""; offer"") letter"
"environmental c(""; sf form""; ""; (amend) dkt 72""; ""budget; draft""; ""budget; final""; ""statement; draft""; ""bulletin; draft""; ""letter; draft""; ""exam; draft""; ""nureg; draft""; ""guide; draft""; ""report; draft""; ""technical specification;""; ""; nrc form""; ""report; administrative""; ""report; miscellaneous""; ""report; technical""; ""; draft""; ""; amendment""; ""order; confirmatory""; ""report; monthly""; ""; verbal""; ""; reply""; ""renewal; report""; ""license-operator;""; ""form 474; simulation;""; ""form 398; personal""; ""form 396; certification""; ""cask; isfsi; (amend)""; ""30; 40; 50; 70""; ""30; 40; 70""; ""40; 50; 70""; ""40; 70""; ""petition; responses""; ""correspondence; outgoing""; ""inspections; tests; analyses; and""; ""; initial""; ""rfps; invitation to bid; request""; ""; gsa""; ""contract; grant; or agreement""; ""; offer"") license-operating (new/renewal/amendments) dkt 50"
"environmental c(""; sf form""; ""; (amend) dkt 72""; ""budget; draft""; ""budget; final""; ""statement; draft""; ""bulletin; draft""; ""letter; draft""; ""exam; draft""; ""nureg; draft""; ""guide; draft""; ""report; draft""; ""technical specification;""; ""; nrc form""; ""report; administrative""; ""report; miscellaneous""; ""report; technical""; ""; draft""; ""; amendment""; ""order; confirmatory""; ""report; monthly""; ""; verbal""; ""; reply""; ""renewal; report""; ""license-operator;""; ""form 474; simulation;""; ""form 398; personal""; ""form 396; certification""; ""cask; isfsi; (amend)""; ""30; 40; 50; 70""; ""30; 40; 70""; ""40; 50; 70""; ""40; 70""; ""petition; responses""; ""correspondence; outgoing""; ""inspections; tests; analyses; and""; ""; initial""; ""rfps; invitation to bid; request""; ""; gsa""; ""contract; grant; or agreement""; ""; offer"") paper"
"environmental c(""; sf form""; ""; (amend) dkt 72""; ""budget; draft""; ""budget; final""; ""statement; draft""; ""bulletin; draft""; ""letter; draft""; ""exam; draft""; ""nureg; draft""; ""guide; draft""; ""report; draft""; ""technical specification;""; ""; nrc form""; ""report; administrative""; ""report; miscellaneous""; ""report; technical""; ""; draft""; ""; amendment""; ""order; confirmatory""; ""report; monthly""; ""; verbal""; ""; reply""; ""renewal; report""; ""license-operator;""; ""form 474; simulation;""; ""form 398; personal""; ""form 396; certification""; ""cask; isfsi; (amend)""; ""30; 40; 50; 70""; ""30; 40; 70""; ""40; 50; 70""; ""40; 70""; ""petition; responses""; ""correspondence; outgoing""; ""inspections; tests; analyses; and""; ""; initial""; ""rfps; invitation to bid; request""; ""; gsa""; ""contract; grant; or agreement""; ""; offer"") specifications"
environmental impact appraisal
environmental impact appraisals
environmental impact statement
"environmental monitoring c(""; sf form""; ""; (amend) dkt 72""; ""budget; draft""; ""budget; final""; ""statement; draft""; ""bulletin; draft""; ""letter; draft""; ""exam; draft""; ""nureg; draft""; ""guide; draft""; ""report; draft""; ""technical specification;""; ""; nrc form""; ""report; administrative""; ""report; miscellaneous""; ""report; technical""; ""; draft""; ""; amendment""; ""order; confirmatory""; ""report; monthly""; ""; verbal""; ""; reply""; ""renewal; report""; ""license-operator;""; ""form 474; simulation;""; ""form 398; personal""; ""form 396; certification""; ""cask; isfsi; (amend)""; ""30; 40; 50; 70""; ""30; 40; 70""; ""40; 50; 70""; ""40; 70""; ""petition; responses""; ""correspondence; outgoing""; ""inspections; tests; analyses; and""; ""; initial""; ""rfps; invitation to bid; request""; ""; gsa""; ""contract; grant; or agreement""; ""; offer"") paper"
"environmental monitoring c(""; sf form""; ""; (amend) dkt 72""; ""budget; draft""; ""budget; final""; ""statement; draft""; ""bulletin; draft""; ""letter; draft""; ""exam; draft""; ""nureg; draft""; ""guide; draft""; ""report; draft""; ""technical specification;""; ""; nrc form""; ""report; administrative""; ""report; miscellaneous""; ""report; technical""; ""; draft""; ""; amendment""; ""order; confirmatory""; ""report; monthly""; ""; verbal""; ""; reply""; ""renewal; report""; ""license-operator;""; ""form 474; simulation;""; ""form 398; personal""; ""form 396; certification""; ""cask; isfsi; (amend)""; ""30; 40; 50; 70""; ""30; 40; 70""; ""40; 50; 70""; ""40; 70""; ""petition; responses""; ""correspondence; outgoing""; ""inspections; tests; analyses; and""; ""; initial""; ""rfps; invitation to bid; request""; ""; gsa""; ""contract; grant; or agreement""; ""; offer"") specifications"
environmental monitoring report
environmental monitoring reports(&radiological)-periodic
environmental protection plan
environmental report
environmental report amendment
environmental technical specification
equivalent/clarification
"equivalent/clarificationc(""; sf form""; ""; (amend) dkt 72""; ""budget; draft""; ""budget; final""; ""statement; draft""; ""bulletin; draft""; ""letter; draft""; ""exam; draft""; ""nureg; draft""; ""guide; draft""; ""report; draft""; ""technical specification;""; ""; nrc form""; ""report; administrative""; ""report; miscellaneous""; ""report; technical""; ""; draft""; ""; amendment""; ""order; confirmatory""; ""report; monthly""; ""; verbal""; ""; reply""; ""renewal; report""; ""license-operator;""; ""form 474; simulation;""; ""form 398; personal""; ""form 396; certification""; ""cask; isfsi; (amend)""; ""30; 40; 50; 70""; ""30; 40; 70""; ""40; 50; 70""; ""40; 70""; ""petition; responses""; ""correspondence; outgoing""; ""inspections; tests; analyses; and""; ""; initial""; ""rfps; invitation to bid; request""; ""; gsa""; ""contract; grant; or agreement""; ""; offer"") 241"
"equivalent/clarificationc(""; sf form""; ""; (amend) dkt 72""; ""budget; draft""; ""budget; final""; ""statement; draft""; ""bulletin; draft""; ""letter; draft""; ""exam; draft""; ""nureg; draft""; ""guide; draft""; ""report; draft""; ""technical specification;""; ""; nrc form""; ""report; administrative""; ""report; miscellaneous""; ""report; technical""; ""; draft""; ""; amendment""; ""order; confirmatory""; ""report; monthly""; ""; verbal""; ""; reply""; ""renewal; report""; ""license-operator;""; ""form 474; simulation;""; ""form 398; personal""; ""form 396; certification""; ""cask; isfsi; (amend)""; ""30; 40; 50; 70""; ""30; 40; 70""; ""40; 50; 70""; ""40; 70""; ""petition; responses""; ""correspondence; outgoing""; ""inspections; tests; analyses; and""; ""; initial""; ""rfps; invitation to bid; request""; ""; gsa""; ""contract; grant; or agreement""; ""; offer"")c(""; sf form""; ""; (amend) dkt 72""; ""budget; draft""; ""budget; final""; ""statement; draft""; ""bulletin; draft""; ""letter; draft""; ""exam; draft""; ""nureg; draft""; ""guide; draft""; ""report; draft""; ""technical specification;""; ""; nrc form""; ""report; administrative""; ""report; miscellaneous""; ""report; technical""; ""; draft""; ""; amendment""; ""order; confirmatory""; ""report; monthly""; ""; verbal""; ""; reply""; ""renewal; report""; ""license-operator;""; ""form 474; simulation;""; ""form 398; personal""; ""form 396; certification""; ""cask; isfsi; (amend)""; ""30; 40; 50; 70""; ""30; 40; 70""; ""40; 50; 70""; ""40; 70""; ""petition; responses""; ""correspondence; outgoing""; ""inspections; tests; analyses; and""; ""; initial""; ""rfps; invitation to bid; request""; ""; gsa""; ""contract; grant; or agreement""; ""; offer"") 241"
etc. (periodic
evacuation time estimate/report (ete)
evacuation time estimates/reports re ete
event report from state
exemption from nrc requirements
exercise of enforcement discretion
external correspondence
external letters routed to nrc
extra
facility safety evaluation report
facsimile
fact sheet
federal register notice
federal register notices
final
final safety analysis report (fsar)
final safety evaluation report (fser)
financial assurance document
financial assurance package
finding of no significant impact
findings of fact/conclusions of law
fire protection plan
foia/privacy act background
foia/privacy act request
foia/privacy act response to requestor
foreign government/agency to nrc
foreign report
fuel cycle reload report
fuel cycle reload reports
fundamental nuclear material control plan (fnmcp)
general external technical reports
general fr notice comment letter
general license periodic reports
general licensee (gl) registration form
general licensee change notifications
generic dcd departures report
generic letters
generic letters & ie letters to multiple plants.
grant
grants of exemption from & extension to nrc requireme
graphics incl charts and tables
handbook
highlights
iaea safety guide
incoming correspondence
indemnity agreement and amendments
indexes
individual action (enforcement)
individual plant exam (of external events)
individual response to enforcement action
"inservice/preservice inspection and test c(""; sf form""; ""; (amend) dkt 72""; ""budget; draft""; ""budget; final""; ""statement; draft""; ""bulletin; draft""; ""letter; draft""; ""exam; draft""; ""nureg; draft""; ""guide; draft""; ""report; draft""; ""technical specification;""; ""; nrc form""; ""report; administrative""; ""report; miscellaneous""; ""report; technical""; ""; draft""; ""; amendment""; ""order; confirmatory""; ""report; monthly""; ""; verbal""; ""; reply""; ""renewal; report""; ""license-operator;""; ""form 474; simulation;""; ""form 398; personal""; ""form 396; certification""; ""cask; isfsi; (amend)""; ""30; 40; 50; 70""; ""30; 40; 70""; ""40; 50; 70""; ""40; 70""; ""petition; responses""; ""correspondence; outgoing""; ""inspections; tests; analyses; and""; ""; initial""; ""rfps; invitation to bid; request""; ""; gsa""; ""contract; grant; or agreement""; ""; offer"") specifications"
inservice/preservice inspection and test report
"inspection c(""; sf form""; ""; (amend) dkt 72""; ""budget; draft""; ""budget; final""; ""statement; draft""; ""bulletin; draft""; ""letter; draft""; ""exam; draft""; ""nureg; draft""; ""guide; draft""; ""report; draft""; ""technical specification;""; ""; nrc form""; ""report; administrative""; ""report; miscellaneous""; ""report; technical""; ""; draft""; ""; amendment""; ""order; confirmatory""; ""report; monthly""; ""; verbal""; ""; reply""; ""renewal; report""; ""license-operator;""; ""form 474; simulation;""; ""form 398; personal""; ""form 396; certification""; ""cask; isfsi; (amend)""; ""30; 40; 50; 70""; ""30; 40; 70""; ""40; 50; 70""; ""40; 70""; ""petition; responses""; ""correspondence; outgoing""; ""inspections; tests; analyses; and""; ""; initial""; ""rfps; invitation to bid; request""; ""; gsa""; ""contract; grant; or agreement""; ""; offer"") specifications"
inspection manual
inspection manual change notice
inspection plan
inspection report
inspection report correspondence
instrumentation drawings-applicant's facility
insurance endorsement/indemnity agreement
integrated material performance evaluation program (impep)-agreement states
integrated safety analysis (plan/summary/revision/update)
interagency agreement
internal or external
internal or external memorandum
international agreements
"international c(""; sf form""; ""; (amend) dkt 72""; ""budget; draft""; ""budget; final""; ""statement; draft""; ""bulletin; draft""; ""letter; draft""; ""exam; draft""; ""nureg; draft""; ""guide; draft""; ""report; draft""; ""technical specification;""; ""; nrc form""; ""report; administrative""; ""report; miscellaneous""; ""report; technical""; ""; draft""; ""; amendment""; ""order; confirmatory""; ""report; monthly""; ""; verbal""; ""; reply""; ""renewal; report""; ""license-operator;""; ""form 474; simulation;""; ""form 398; personal""; ""form 396; certification""; ""cask; isfsi; (amend)""; ""30; 40; 50; 70""; ""30; 40; 70""; ""40; 50; 70""; ""40; 70""; ""petition; responses""; ""correspondence; outgoing""; ""inspections; tests; analyses; and""; ""; initial""; ""rfps; invitation to bid; request""; ""; gsa""; ""contract; grant; or agreement""; ""; offer"")"
international nuclear events scale (ines) event rating form
interrogatories; responses to interrogatories
intervention petitions
investigation reports
investigative procedures manual (ipm)
isfsi
itaac closure verification evaluation form (vef)
journal article
legal transcripts & orders & pleadings
legal-affidavit
legal-board establishment
legal-board notification
legal-brief
legal-correspondence
legal-correspondence/maintenance
legal-correspondence/miscellaneous
legal-decision (partial or initial)
legal-deposition
legal-discovery material
legal-discovery report
legal-exhibit
legal-final agency action letters and memoranda
legal-finding of fact/conclusions of law
legal-hearing file
legal-hearing file (for informal hearings)
legal-hearing request referral memorandum
legal-hearing transcript
legal-in camera filing
legal-insurance/indemnity document
legal-interrogatories and response
"legal-intervention c(""; sf form""; ""; (amend) dkt 72""; ""budget; draft""; ""budget; final""; ""statement; draft""; ""bulletin; draft""; ""letter; draft""; ""exam; draft""; ""nureg; draft""; ""guide; draft""; ""report; draft""; ""technical specification;""; ""; nrc form""; ""report; administrative""; ""report; miscellaneous""; ""report; technical""; ""; draft""; ""; amendment""; ""order; confirmatory""; ""report; monthly""; ""; verbal""; ""; reply""; ""renewal; report""; ""license-operator;""; ""form 474; simulation;""; ""form 398; personal""; ""form 396; certification""; ""cask; isfsi; (amend)""; ""30; 40; 50; 70""; ""30; 40; 70""; ""40; 50; 70""; ""40; 70""; ""petition; responses""; ""correspondence; outgoing""; ""inspections; tests; analyses; and""; ""; initial""; ""rfps; invitation to bid; request""; ""; gsa""; ""contract; grant; or agreement""; ""; offer"") and contentions"
legal-limited appearance statement
legal-memorandum and order
legal-memorandum of agreement/understanding
legal-motion
legal-narrative testimony
legal-notice of appearance
legal-notice of deposition
legal-notice of hearing
legal-notices of hearing or opportunity for
legal-order
legal-panel/board issuance
legal-party contentions and associated pleading
legal-petition for rulemaking
legal-petition to intervene
legal-petition to intervene/request for hearing
legal-pleading
legal-pre-filed exhibits
legal-pre-filed testimony
legal-privilege logs
legal-proposed finding drafted by parties
legal-proposed finding of fact and conclusions of law
legal-public comment
legal-report
legal-settlement agreement
legal-stipulation/agreement
legal-transcript
legal/law firm to nrc
ler)
letter
license
license fee requirements letter
"license-application for (amend/renewal/new) for dkt c(""; sf form""; ""; (amend) dkt 72""; ""budget; draft""; ""budget; final""; ""statement; draft""; ""bulletin; draft""; ""letter; draft""; ""exam; draft""; ""nureg; draft""; ""guide; draft""; ""report; draft""; ""technical specification;""; ""; nrc form""; ""report; administrative""; ""report; miscellaneous""; ""report; technical""; ""; draft""; ""; amendment""; ""order; confirmatory""; ""report; monthly""; ""; verbal""; ""; reply""; ""renewal; report""; ""license-operator;""; ""form 474; simulation;""; ""form 398; personal""; ""form 396; certification""; ""cask; isfsi; (amend)""; ""30; 40; 50; 70""; ""30; 40; 70""; ""40; 50; 70""; ""40; 70""; ""petition; responses""; ""correspondence; outgoing""; ""inspections; tests; analyses; and""; ""; initial""; ""rfps; invitation to bid; request""; ""; gsa""; ""contract; grant; or agreement""; ""; offer"")"
license-application for certificate of compliance (amend/renewal/rev) dkt 71 qa program
license-application for combined license (col) (amend/renewal) dkt 52
license-application for combined license (cola)
license-application for construction permit dkt 50
"license-application for construction permit dkt 50c(""; sf form""; ""; (amend) dkt 72""; ""budget; draft""; ""budget; final""; ""statement; draft""; ""bulletin; draft""; ""letter; draft""; ""exam; draft""; ""nureg; draft""; ""guide; draft""; ""report; draft""; ""technical specification;""; ""; nrc form""; ""report; administrative""; ""report; miscellaneous""; ""report; technical""; ""; draft""; ""; amendment""; ""order; confirmatory""; ""report; monthly""; ""; verbal""; ""; reply""; ""renewal; report""; ""license-operator;""; ""form 474; simulation;""; ""form 398; personal""; ""form 396; certification""; ""cask; isfsi; (amend)""; ""30; 40; 50; 70""; ""30; 40; 70""; ""40; 50; 70""; ""40; 70""; ""petition; responses""; ""correspondence; outgoing""; ""inspections; tests; analyses; and""; ""; initial""; ""rfps; invitation to bid; request""; ""; gsa""; ""contract; grant; or agreement""; ""; offer"") safety analysis report (sar)"
license-application for design certification
license-application for dry cask isfsi dkt 72
license-application for early site permit (esp)
license-application for export license
license-application for facility operating license (amend/renewal) dkt 50
license-application for hlw part 63
license-application for import license
license-application for license (amend/renewal/new) dkt 40
license-application for license (amend/renewal/new) dkt 70
license-application for registry of sealed source or device (amend/renewal)
"license-approval for (amend/renewal/new) license for dkt c(""; sf form""; ""; (amend) dkt 72""; ""budget; draft""; ""budget; final""; ""statement; draft""; ""bulletin; draft""; ""letter; draft""; ""exam; draft""; ""nureg; draft""; ""guide; draft""; ""report; draft""; ""technical specification;""; ""; nrc form""; ""report; administrative""; ""report; miscellaneous""; ""report; technical""; ""; draft""; ""; amendment""; ""order; confirmatory""; ""report; monthly""; ""; verbal""; ""; reply""; ""renewal; report""; ""license-operator;""; ""form 474; simulation;""; ""form 398; personal""; ""form 396; certification""; ""cask; isfsi; (amend)""; ""30; 40; 50; 70""; ""30; 40; 70""; ""40; 50; 70""; ""40; 70""; ""petition; responses""; ""correspondence; outgoing""; ""inspections; tests; analyses; and""; ""; initial""; ""rfps; invitation to bid; request""; ""; gsa""; ""contract; grant; or agreement""; ""; offer"")"
"license-approval for matl byproduct license (amend/renewal/new) dkt c(""; sf form""; ""; (amend) dkt 72""; ""budget; draft""; ""budget; final""; ""statement; draft""; ""bulletin; draft""; ""letter; draft""; ""exam; draft""; ""nureg; draft""; ""guide; draft""; ""report; draft""; ""technical specification;""; ""; nrc form""; ""report; administrative""; ""report; miscellaneous""; ""report; technical""; ""; draft""; ""; amendment""; ""order; confirmatory""; ""report; monthly""; ""; verbal""; ""; reply""; ""renewal; report""; ""license-operator;""; ""form 474; simulation;""; ""form 398; personal""; ""form 396; certification""; ""cask; isfsi; (amend)""; ""30; 40; 50; 70""; ""30; 40; 70""; ""40; 50; 70""; ""40; 70""; ""petition; responses""; ""correspondence; outgoing""; ""inspections; tests; analyses; and""; ""; initial""; ""rfps; invitation to bid; request""; ""; gsa""; ""contract; grant; or agreement""; ""; offer"")"
license-certificate of compliance (dkt 71)
license-certificate of compliance (dkt 72)
license-certificate of disposition of materials
license-combined license (col) (new/renewal/amendments) dkt 52
"license-denial for (amend/renewal/new) license for dkt c(""; sf form""; ""; (amend) dkt 72""; ""budget; draft""; ""budget; final""; ""statement; draft""; ""bulletin; draft""; ""letter; draft""; ""exam; draft""; ""nureg; draft""; ""guide; draft""; ""report; draft""; ""technical specification;""; ""; nrc form""; ""report; administrative""; ""report; miscellaneous""; ""report; technical""; ""; draft""; ""; amendment""; ""order; confirmatory""; ""report; monthly""; ""; verbal""; ""; reply""; ""renewal; report""; ""license-operator;""; ""form 474; simulation;""; ""form 398; personal""; ""form 396; certification""; ""cask; isfsi; (amend)""; ""30; 40; 50; 70""; ""30; 40; 70""; ""40; 50; 70""; ""40; 70""; ""petition; responses""; ""correspondence; outgoing""; ""inspections; tests; analyses; and""; ""; initial""; ""rfps; invitation to bid; request""; ""; gsa""; ""contract; grant; or agreement""; ""; offer"")"
license-dry cask
license-early site permit (esp)
license-exempt distribution report
license-export license amendment
license-fee requirements letter
license-fee sheet
"license-fitness for duty (ffd) performance c(""; sf form""; ""; (amend) dkt 72""; ""budget; draft""; ""budget; final""; ""statement; draft""; ""bulletin; draft""; ""letter; draft""; ""exam; draft""; ""nureg; draft""; ""guide; draft""; ""report; draft""; ""technical specification;""; ""; nrc form""; ""report; administrative""; ""report; miscellaneous""; ""report; technical""; ""; draft""; ""; amendment""; ""order; confirmatory""; ""report; monthly""; ""; verbal""; ""; reply""; ""renewal; report""; ""license-operator;""; ""form 474; simulation;""; ""form 398; personal""; ""form 396; certification""; ""cask; isfsi; (amend)""; ""30; 40; 50; 70""; ""30; 40; 70""; ""40; 50; 70""; ""40; 70""; ""petition; responses""; ""correspondence; outgoing""; ""inspections; tests; analyses; and""; ""; initial""; ""rfps; invitation to bid; request""; ""; gsa""; ""contract; grant; or agreement""; ""; offer"") form"
license-fitness for duty (ffd) performance report
license-fuel facility event evaluation report
license-general license notification
license-general license notification/registration
license-import license amendment
license-materials byproduct amendment dkt 30
license-monthly operating report
license-no significant hazards consideration determination and noticing action
license-not elsewhere specified
license-notification of authorized users
license-operating (new/renewal/amendments) dkt 50
license-operator examination report
license-operator examination report (non-power reactors only)
"license-operator license c(""; sf form""; ""; (amend) dkt 72""; ""budget; draft""; ""budget; final""; ""statement; draft""; ""bulletin; draft""; ""letter; draft""; ""exam; draft""; ""nureg; draft""; ""guide; draft""; ""report; draft""; ""technical specification;""; ""; nrc form""; ""report; administrative""; ""report; miscellaneous""; ""report; technical""; ""; draft""; ""; amendment""; ""order; confirmatory""; ""report; monthly""; ""; verbal""; ""; reply""; ""renewal; report""; ""license-operator;""; ""form 474; simulation;""; ""form 398; personal""; ""form 396; certification""; ""cask; isfsi; (amend)""; ""30; 40; 50; 70""; ""30; 40; 70""; ""40; 50; 70""; ""40; 70""; ""petition; responses""; ""correspondence; outgoing""; ""inspections; tests; analyses; and""; ""; initial""; ""rfps; invitation to bid; request""; ""; gsa""; ""contract; grant; or agreement""; ""; offer"")"
license-qa program approval for radioactive materials packages
license-quality management program
license-registration certificate for in-vitro testing (nrc form 483)
license-registry of sealed source or device (new/amend/renewal)
license-source material amendment dkt 40
license-special nuclear material amendment dkt 70
license-technical assistance request (tar)
"license-technical assistance request (tar)c(""; sf form""; ""; (amend) dkt 72""; ""budget; draft""; ""budget; final""; ""statement; draft""; ""bulletin; draft""; ""letter; draft""; ""exam; draft""; ""nureg; draft""; ""guide; draft""; ""report; draft""; ""technical specification;""; ""; nrc form""; ""report; administrative""; ""report; miscellaneous""; ""report; technical""; ""; draft""; ""; amendment""; ""order; confirmatory""; ""report; monthly""; ""; verbal""; ""; reply""; ""renewal; report""; ""license-operator;""; ""form 474; simulation;""; ""form 398; personal""; ""form 396; certification""; ""cask; isfsi; (amend)""; ""30; 40; 50; 70""; ""30; 40; 70""; ""40; 50; 70""; ""40; 70""; ""petition; responses""; ""correspondence; outgoing""; ""inspections; tests; analyses; and""; ""; initial""; ""rfps; invitation to bid; request""; ""; gsa""; ""contract; grant; or agreement""; ""; offer"") to"
"license-termination for matl byproduct license (amend/renewal/new) dkt c(""; sf form""; ""; (amend) dkt 72""; ""budget; draft""; ""budget; final""; ""statement; draft""; ""bulletin; draft""; ""letter; draft""; ""exam; draft""; ""nureg; draft""; ""guide; draft""; ""report; draft""; ""technical specification;""; ""; nrc form""; ""report; administrative""; ""report; miscellaneous""; ""report; technical""; ""; draft""; ""; amendment""; ""order; confirmatory""; ""report; monthly""; ""; verbal""; ""; reply""; ""renewal; report""; ""license-operator;""; ""form 474; simulation;""; ""form 398; personal""; ""form 396; certification""; ""cask; isfsi; (amend)""; ""30; 40; 50; 70""; ""30; 40; 70""; ""40; 50; 70""; ""40; 70""; ""petition; responses""; ""correspondence; outgoing""; ""inspections; tests; analyses; and""; ""; initial""; ""rfps; invitation to bid; request""; ""; gsa""; ""contract; grant; or agreement""; ""; offer"")"
licensee 30-day written event report
licensee event report (ler)
licensee event report (see also ao
licensee performance review
licensee response to enforcement action
licensee response to notice of violation
limited work authorization (lwa) request
logbook
low-level waste manifest shipping paper
management directive
manual
map
matl/byproduct license
md 8.3 reactive inspection evaluation
media briefing paper
medical misadministration report
meeting agenda
meeting agenda for internal met-ed
meeting briefing package/handouts
meeting minutes
meeting minutes & notes--correspondence
meeting minutes-internal (non-transcript)
meeting notice
meeting summaries-internal (non-transcript)
meeting summary
meeting transcript
meetings-agendas
memoranda
memorandums-correspondence
monthly operating analysis report
monthly sunsi/sgi notice memoranda
morning report
named role and responsibility (not out of office)
narrative testimony
news article
newsletter
nmss administrative/management
non-agreement states
non-cited violation
non-concurrence process
non-recurring technical report (environmental)
note
"note to file incl telcon recordc(""; sf form""; ""; (amend) dkt 72""; ""budget; draft""; ""budget; final""; ""statement; draft""; ""bulletin; draft""; ""letter; draft""; ""exam; draft""; ""nureg; draft""; ""guide; draft""; ""report; draft""; ""technical specification;""; ""; nrc form""; ""report; administrative""; ""report; miscellaneous""; ""report; technical""; ""; draft""; ""; amendment""; ""order; confirmatory""; ""report; monthly""; ""; verbal""; ""; reply""; ""renewal; report""; ""license-operator;""; ""form 474; simulation;""; ""form 398; personal""; ""form 396; certification""; ""cask; isfsi; (amend)""; ""30; 40; 50; 70""; ""30; 40; 70""; ""40; 50; 70""; ""40; 70""; ""petition; responses""; ""correspondence; outgoing""; ""inspections; tests; analyses; and""; ""; initial""; ""rfps; invitation to bid; request""; ""; gsa""; ""contract; grant; or agreement""; ""; offer"") comm"
notice of deviation
notice of enforcement discretion (noed)
notice of interagency meeting
notice of non-conformance
notice of violation
notice of violation of a regulation
notice of violation with proposed imposition of civil penalty
notices
npdes noncompliance notification
npdes permit
npdes permits
nrc
nrc administrative letter
nrc bulletin
"nrc c(""; sf form""; ""; (amend) dkt 72""; ""budget; draft""; ""budget; final""; ""statement; draft""; ""bulletin; draft""; ""letter; draft""; ""exam; draft""; ""nureg; draft""; ""guide; draft""; ""report; draft""; ""technical specification;""; ""; nrc form""; ""report; administrative""; ""report; miscellaneous""; ""report; technical""; ""; draft""; ""; amendment""; ""order; confirmatory""; ""report; monthly""; ""; verbal""; ""; reply""; ""renewal; report""; ""license-operator;""; ""form 474; simulation;""; ""form 398; personal""; ""form 396; certification""; ""cask; isfsi; (amend)""; ""30; 40; 50; 70""; ""30; 40; 70""; ""40; 50; 70""; ""40; 70""; ""petition; responses""; ""correspondence; outgoing""; ""inspections; tests; analyses; and""; ""; initial""; ""rfps; invitation to bid; request""; ""; gsa""; ""contract; grant; or agreement""; ""; offer"")"
nrc circular
"nrc generic c(""; sf form""; ""; (amend) dkt 72""; ""budget; draft""; ""budget; final""; ""statement; draft""; ""bulletin; draft""; ""letter; draft""; ""exam; draft""; ""nureg; draft""; ""guide; draft""; ""report; draft""; ""technical specification;""; ""; nrc form""; ""report; administrative""; ""report; miscellaneous""; ""report; technical""; ""; draft""; ""; amendment""; ""order; confirmatory""; ""report; monthly""; ""; verbal""; ""; reply""; ""renewal; report""; ""license-operator;""; ""form 474; simulation;""; ""form 398; personal""; ""form 396; certification""; ""cask; isfsi; (amend)""; ""30; 40; 50; 70""; ""30; 40; 70""; ""40; 50; 70""; ""40; 70""; ""petition; responses""; ""correspondence; outgoing""; ""inspections; tests; analyses; and""; ""; initial""; ""rfps; invitation to bid; request""; ""; gsa""; ""contract; grant; or agreement""; ""; offer"")"
nrc generic letter
nrc information notice
"nrc information noticec(""; sf form""; ""; (amend) dkt 72""; ""budget; draft""; ""budget; final""; ""statement; draft""; ""bulletin; draft""; ""letter; draft""; ""exam; draft""; ""nureg; draft""; ""guide; draft""; ""report; draft""; ""technical specification;""; ""; nrc form""; ""report; administrative""; ""report; miscellaneous""; ""report; technical""; ""; draft""; ""; amendment""; ""order; confirmatory""; ""report; monthly""; ""; verbal""; ""; reply""; ""renewal; report""; ""license-operator;""; ""form 474; simulation;""; ""form 398; personal""; ""form 396; certification""; ""cask; isfsi; (amend)""; ""30; 40; 50; 70""; ""30; 40; 70""; ""40; 50; 70""; ""40; 70""; ""petition; responses""; ""correspondence; outgoing""; ""inspections; tests; analyses; and""; ""; initial""; ""rfps; invitation to bid; request""; ""; gsa""; ""contract; grant; or agreement""; ""; offer"")"
"nrc policy c(""; sf form""; ""; (amend) dkt 72""; ""budget; draft""; ""budget; final""; ""statement; draft""; ""bulletin; draft""; ""letter; draft""; ""exam; draft""; ""nureg; draft""; ""guide; draft""; ""report; draft""; ""technical specification;""; ""; nrc form""; ""report; administrative""; ""report; miscellaneous""; ""report; technical""; ""; draft""; ""; amendment""; ""order; confirmatory""; ""report; monthly""; ""; verbal""; ""; reply""; ""renewal; report""; ""license-operator;""; ""form 474; simulation;""; ""form 398; personal""; ""form 396; certification""; ""cask; isfsi; (amend)""; ""30; 40; 50; 70""; ""30; 40; 70""; ""40; 50; 70""; ""40; 70""; ""petition; responses""; ""correspondence; outgoing""; ""inspections; tests; analyses; and""; ""; initial""; ""rfps; invitation to bid; request""; ""; gsa""; ""contract; grant; or agreement""; ""; offer"")"
nrc policy statement
nrc preliminary notification of event/occurrence
nrc regulatory issue summary
"nrc regulatory issue summaryc(""; sf form""; ""; (amend) dkt 72""; ""budget; draft""; ""budget; final""; ""statement; draft""; ""bulletin; draft""; ""letter; draft""; ""exam; draft""; ""nureg; draft""; ""guide; draft""; ""report; draft""; ""technical specification;""; ""; nrc form""; ""report; administrative""; ""report; miscellaneous""; ""report; technical""; ""; draft""; ""; amendment""; ""order; confirmatory""; ""report; monthly""; ""; verbal""; ""; reply""; ""renewal; report""; ""license-operator;""; ""form 474; simulation;""; ""form 398; personal""; ""form 396; certification""; ""cask; isfsi; (amend)""; ""30; 40; 50; 70""; ""30; 40; 70""; ""40; 50; 70""; ""40; 70""; ""petition; responses""; ""correspondence; outgoing""; ""inspections; tests; analyses; and""; ""; initial""; ""rfps; invitation to bid; request""; ""; gsa""; ""contract; grant; or agreement""; ""; offer"")"
nrc technical report
nrc to acrs
nrc to aslap
nrc to aslp
nrc to educational institution
nrc to engineering/construction/consulting firm
nrc to legal/law firm
nrc to other u.s. government agency/department
nrc to public entity/citizen/organization/media
nrc to research institution/laboratory
nrc to state/local government
nrc to u.s. congress
nrc to utility
nrc-generated
nro office instruction
nro safety evaluation report (ser)-delayed
nrr office instruction
nrr office letter
nureg
nureg reports
occupational exposure record
ocfo fee policy documentation
oe annual report
official faca record for acrs meetings
oi investigation report
oig audit report
oig audit report comment
oig audit resolution
oig event inquiry
omb clearance material
omb congressional review act (cra) material - cra submittal
ope notes and poe
ope smart samples
"operating c(""; sf form""; ""; (amend) dkt 72""; ""budget; draft""; ""budget; final""; ""statement; draft""; ""bulletin; draft""; ""letter; draft""; ""exam; draft""; ""nureg; draft""; ""guide; draft""; ""report; draft""; ""technical specification;""; ""; nrc form""; ""report; administrative""; ""report; miscellaneous""; ""report; technical""; ""; draft""; ""; amendment""; ""order; confirmatory""; ""report; monthly""; ""; verbal""; ""; reply""; ""renewal; report""; ""license-operator;""; ""form 474; simulation;""; ""form 398; personal""; ""form 396; certification""; ""cask; isfsi; (amend)""; ""30; 40; 50; 70""; ""30; 40; 70""; ""40; 50; 70""; ""40; 70""; ""petition; responses""; ""correspondence; outgoing""; ""inspections; tests; analyses; and""; ""; initial""; ""rfps; invitation to bid; request""; ""; gsa""; ""contract; grant; or agreement""; ""; offer"")"
operating license (see librarians for more information)
operating licenses & amendments
operating licenses-appliation to amend-renew existing
operating licenses-application for & amendments
operating plan
operating procedures
operating report
operatingexperience (ope) communication
operational experience reports by res
operations support-calculations
operator
operator training/requalification program
order
order imposing civil monetary penalty
order modifying license
order prohibiting
order revoking license
order suspending license
orders
organization chart
other legal document
other u.s. government agency/department to nrc
outgoing correspondence
package of noncoded material
package of nrc questions - draft
part 21 correspondence
per 10 cfr 140
performance indicator
performance plan
performance planning and appraisal (ses)
periodic monitoring report (radiological/environmental)
photograph
photographs & slides
planning call
plant issues matrix
plant performance review
plant status report
pleadings
policy and program guidance
policy statement
post-shutdown decommissioning activities report
pre-decisional contract action
preliminary notification of event or occurrence (pno
preliminary safety analysis report (psar)
preliminary safety analysis report & amendments (psar
preservice & inservice inspection & test repts
press release
press release or news article
privacy impact assessment
privacy threshold analysis
probabilistic risk assessment
"problem/maintenance c(""; sf form""; ""; (amend) dkt 72""; ""budget; draft""; ""budget; final""; ""statement; draft""; ""bulletin; draft""; ""letter; draft""; ""exam; draft""; ""nureg; draft""; ""guide; draft""; ""report; draft""; ""technical specification;""; ""; nrc form""; ""report; administrative""; ""report; miscellaneous""; ""report; technical""; ""; draft""; ""; amendment""; ""order; confirmatory""; ""report; monthly""; ""; verbal""; ""; reply""; ""renewal; report""; ""license-operator;""; ""form 474; simulation;""; ""form 398; personal""; ""form 396; certification""; ""cask; isfsi; (amend)""; ""30; 40; 50; 70""; ""30; 40; 70""; ""40; 50; 70""; ""40; 70""; ""petition; responses""; ""correspondence; outgoing""; ""inspections; tests; analyses; and""; ""; initial""; ""rfps; invitation to bid; request""; ""; gsa""; ""contract; grant; or agreement""; ""; offer"") specifications & test reports"
professional/industrial association to nrc
program review
project manager (pm) list
project plans and schedules
project requirement document
proprietary information review
public comments on proposed rules & petitions for
public entity/citizen/organization/media to nrc
q1's & q2's
quality assurance program
quick look
radiation overexposure reports
records retention and disposal authorization
reference safety analysis report
reference safety analysis report & amendments (rsar)
"reference safety analysis reportc(""; sf form""; ""; (amend) dkt 72""; ""budget; draft""; ""budget; final""; ""statement; draft""; ""bulletin; draft""; ""letter; draft""; ""exam; draft""; ""nureg; draft""; ""guide; draft""; ""report; draft""; ""technical specification;""; ""; nrc form""; ""report; administrative""; ""report; miscellaneous""; ""report; technical""; ""; draft""; ""; amendment""; ""order; confirmatory""; ""report; monthly""; ""; verbal""; ""; reply""; ""renewal; report""; ""license-operator;""; ""form 474; simulation;""; ""form 398; personal""; ""form 396; certification""; ""cask; isfsi; (amend)""; ""30; 40; 50; 70""; ""30; 40; 70""; ""40; 50; 70""; ""40; 70""; ""petition; responses""; ""correspondence; outgoing""; ""inspections; tests; analyses; and""; ""; initial""; ""rfps; invitation to bid; request""; ""; gsa""; ""contract; grant; or agreement""; ""; offer"")"
registry of sealed source or device
regulatory analysis
"regulatory c(""; sf form""; ""; (amend) dkt 72""; ""budget; draft""; ""budget; final""; ""statement; draft""; ""bulletin; draft""; ""letter; draft""; ""exam; draft""; ""nureg; draft""; ""guide; draft""; ""report; draft""; ""technical specification;""; ""; nrc form""; ""report; administrative""; ""report; miscellaneous""; ""report; technical""; ""; draft""; ""; amendment""; ""order; confirmatory""; ""report; monthly""; ""; verbal""; ""; reply""; ""renewal; report""; ""license-operator;""; ""form 474; simulation;""; ""form 398; personal""; ""form 396; certification""; ""cask; isfsi; (amend)""; ""30; 40; 50; 70""; ""30; 40; 70""; ""40; 50; 70""; ""40; 70""; ""petition; responses""; ""correspondence; outgoing""; ""inspections; tests; analyses; and""; ""; initial""; ""rfps; invitation to bid; request""; ""; gsa""; ""contract; grant; or agreement""; ""; offer"")"
regulatory guidance
regulatory guide
regulatory guide (reg guide)
regulatory guides & std. review plans-text
"report of proposed activities in non-agreement statesc(""; sf form""; ""; (amend) dkt 72""; ""budget; draft""; ""budget; final""; ""statement; draft""; ""bulletin; draft""; ""letter; draft""; ""exam; draft""; ""nureg; draft""; ""guide; draft""; ""report; draft""; ""technical specification;""; ""; nrc form""; ""report; administrative""; ""report; miscellaneous""; ""report; technical""; ""; draft""; ""; amendment""; ""order; confirmatory""; ""report; monthly""; ""; verbal""; ""; reply""; ""renewal; report""; ""license-operator;""; ""form 474; simulation;""; ""form 398; personal""; ""form 396; certification""; ""cask; isfsi; (amend)""; ""30; 40; 50; 70""; ""30; 40; 70""; ""40; 50; 70""; ""40; 70""; ""petition; responses""; ""correspondence; outgoing""; ""inspections; tests; analyses; and""; ""; initial""; ""rfps; invitation to bid; request""; ""; gsa""; ""contract; grant; or agreement""; ""; offer"") 241"
reportable occurrence report (see also ao
reports-topical (by manufacturers-vendors etc)
request for access authorization
request for additional information (rai)
request for omb review
"request for procurement action (rfpa)c(""; sf form""; ""; (amend) dkt 72""; ""budget; draft""; ""budget; final""; ""statement; draft""; ""bulletin; draft""; ""letter; draft""; ""exam; draft""; ""nureg; draft""; ""guide; draft""; ""report; draft""; ""technical specification;""; ""; nrc form""; ""report; administrative""; ""report; miscellaneous""; ""report; technical""; ""; draft""; ""; amendment""; ""order; confirmatory""; ""report; monthly""; ""; verbal""; ""; reply""; ""renewal; report""; ""license-operator;""; ""form 474; simulation;""; ""form 398; personal""; ""form 396; certification""; ""cask; isfsi; (amend)""; ""30; 40; 50; 70""; ""30; 40; 70""; ""40; 50; 70""; ""40; 70""; ""petition; responses""; ""correspondence; outgoing""; ""inspections; tests; analyses; and""; ""; initial""; ""rfps; invitation to bid; request""; ""; gsa""; ""contract; grant; or agreement""; ""; offer"") 400"
request for review of omb reporting requirements
res office letter
res operational experience report
research and technical assistance reports
research information letter (ril)
research institution/laboratory to nrc
response to request for additional information (rai)
responses & contentions
resume
reviewer comments on conference/symposium/workshop paper
revision
"revisionc(""; sf form""; ""; (amend) dkt 72""; ""budget; draft""; ""budget; final""; ""statement; draft""; ""bulletin; draft""; ""letter; draft""; ""exam; draft""; ""nureg; draft""; ""guide; draft""; ""report; draft""; ""technical specification;""; ""; nrc form""; ""report; administrative""; ""report; miscellaneous""; ""report; technical""; ""; draft""; ""; amendment""; ""order; confirmatory""; ""report; monthly""; ""; verbal""; ""; reply""; ""renewal; report""; ""license-operator;""; ""form 474; simulation;""; ""form 398; personal""; ""form 396; certification""; ""cask; isfsi; (amend)""; ""30; 40; 50; 70""; ""30; 40; 70""; ""40; 50; 70""; ""40; 70""; ""petition; responses""; ""correspondence; outgoing""; ""inspections; tests; analyses; and""; ""; initial""; ""rfps; invitation to bid; request""; ""; gsa""; ""contract; grant; or agreement""; ""; offer"") 241"
ro)
route approval letter to licensee
routine status report (recurring weekly/monthly)
rulemaking- final rule
rulemaking- proposed rule
rulemaking-authority statement for edo signature
rulemaking-comment
rulemaking-environmental assessment
rulemaking-plan
rulemaking-regulatory analysis
rulemaking-regulatory plan
"safeguard incident c(""; sf form""; ""; (amend) dkt 72""; ""budget; draft""; ""budget; final""; ""statement; draft""; ""bulletin; draft""; ""letter; draft""; ""exam; draft""; ""nureg; draft""; ""guide; draft""; ""report; draft""; ""technical specification;""; ""; nrc form""; ""report; administrative""; ""report; miscellaneous""; ""report; technical""; ""; draft""; ""; amendment""; ""order; confirmatory""; ""report; monthly""; ""; verbal""; ""; reply""; ""renewal; report""; ""license-operator;""; ""form 474; simulation;""; ""form 398; personal""; ""form 396; certification""; ""cask; isfsi; (amend)""; ""30; 40; 50; 70""; ""30; 40; 70""; ""40; 50; 70""; ""40; 70""; ""petition; responses""; ""correspondence; outgoing""; ""inspections; tests; analyses; and""; ""; initial""; ""rfps; invitation to bid; request""; ""; gsa""; ""contract; grant; or agreement""; ""; offer"") paper"
"safeguard incident c(""; sf form""; ""; (amend) dkt 72""; ""budget; draft""; ""budget; final""; ""statement; draft""; ""bulletin; draft""; ""letter; draft""; ""exam; draft""; ""nureg; draft""; ""guide; draft""; ""report; draft""; ""technical specification;""; ""; nrc form""; ""report; administrative""; ""report; miscellaneous""; ""report; technical""; ""; draft""; ""; amendment""; ""order; confirmatory""; ""report; monthly""; ""; verbal""; ""; reply""; ""renewal; report""; ""license-operator;""; ""form 474; simulation;""; ""form 398; personal""; ""form 396; certification""; ""cask; isfsi; (amend)""; ""30; 40; 50; 70""; ""30; 40; 70""; ""40; 50; 70""; ""40; 70""; ""petition; responses""; ""correspondence; outgoing""; ""inspections; tests; analyses; and""; ""; initial""; ""rfps; invitation to bid; request""; ""; gsa""; ""contract; grant; or agreement""; ""; offer"") specifications"
safeguard incident report
safeguards advisory
"safety and compliance inspection recordc(""; sf form""; ""; (amend) dkt 72""; ""budget; draft""; ""budget; final""; ""statement; draft""; ""bulletin; draft""; ""letter; draft""; ""exam; draft""; ""nureg; draft""; ""guide; draft""; ""report; draft""; ""technical specification;""; ""; nrc form""; ""report; administrative""; ""report; miscellaneous""; ""report; technical""; ""; draft""; ""; amendment""; ""order; confirmatory""; ""report; monthly""; ""; verbal""; ""; reply""; ""renewal; report""; ""license-operator;""; ""form 474; simulation;""; ""form 398; personal""; ""form 396; certification""; ""cask; isfsi; (amend)""; ""30; 40; 50; 70""; ""30; 40; 70""; ""40; 50; 70""; ""40; 70""; ""petition; responses""; ""correspondence; outgoing""; ""inspections; tests; analyses; and""; ""; initial""; ""rfps; invitation to bid; request""; ""; gsa""; ""contract; grant; or agreement""; ""; offer"") 591"
safety evaluation
"safety evaluation c(""; sf form""; ""; (amend) dkt 72""; ""budget; draft""; ""budget; final""; ""statement; draft""; ""bulletin; draft""; ""letter; draft""; ""exam; draft""; ""nureg; draft""; ""guide; draft""; ""report; draft""; ""technical specification;""; ""; nrc form""; ""report; administrative""; ""report; miscellaneous""; ""report; technical""; ""; draft""; ""; amendment""; ""order; confirmatory""; ""report; monthly""; ""; verbal""; ""; reply""; ""renewal; report""; ""license-operator;""; ""form 474; simulation;""; ""form 398; personal""; ""form 396; certification""; ""cask; isfsi; (amend)""; ""30; 40; 50; 70""; ""30; 40; 70""; ""40; 50; 70""; ""40; 70""; ""petition; responses""; ""correspondence; outgoing""; ""inspections; tests; analyses; and""; ""; initial""; ""rfps; invitation to bid; request""; ""; gsa""; ""contract; grant; or agreement""; ""; offer"")"
"safety evaluation c(""; sf form""; ""; (amend) dkt 72""; ""budget; draft""; ""budget; final""; ""statement; draft""; ""bulletin; draft""; ""letter; draft""; ""exam; draft""; ""nureg; draft""; ""guide; draft""; ""report; draft""; ""technical specification;""; ""; nrc form""; ""report; administrative""; ""report; miscellaneous""; ""report; technical""; ""; draft""; ""; amendment""; ""order; confirmatory""; ""report; monthly""; ""; verbal""; ""; reply""; ""renewal; report""; ""license-operator;""; ""form 474; simulation;""; ""form 398; personal""; ""form 396; certification""; ""cask; isfsi; (amend)""; ""30; 40; 50; 70""; ""30; 40; 70""; ""40; 50; 70""; ""40; 70""; ""petition; responses""; ""correspondence; outgoing""; ""inspections; tests; analyses; and""; ""; initial""; ""rfps; invitation to bid; request""; ""; gsa""; ""contract; grant; or agreement""; ""; offer"") specifications"
safety evaluation report
safety evaluation report--facility
safety evaluation report--licensing & related issues
schedule and calendars
"security form-report of security infractionc(""; sf form""; ""; (amend) dkt 72""; ""budget; draft""; ""budget; final""; ""statement; draft""; ""bulletin; draft""; ""letter; draft""; ""exam; draft""; ""nureg; draft""; ""guide; draft""; ""report; draft""; ""technical specification;""; ""; nrc form""; ""report; administrative""; ""report; miscellaneous""; ""report; technical""; ""; draft""; ""; amendment""; ""order; confirmatory""; ""report; monthly""; ""; verbal""; ""; reply""; ""renewal; report""; ""license-operator;""; ""form 474; simulation;""; ""form 398; personal""; ""form 396; certification""; ""cask; isfsi; (amend)""; ""30; 40; 50; 70""; ""30; 40; 70""; ""40; 50; 70""; ""40; 70""; ""petition; responses""; ""correspondence; outgoing""; ""inspections; tests; analyses; and""; ""; initial""; ""rfps; invitation to bid; request""; ""; gsa""; ""contract; grant; or agreement""; ""; offer"") 183"
"security form-security incident reportc(""; sf form""; ""; (amend) dkt 72""; ""budget; draft""; ""budget; final""; ""statement; draft""; ""bulletin; draft""; ""letter; draft""; ""exam; draft""; ""nureg; draft""; ""guide; draft""; ""report; draft""; ""technical specification;""; ""; nrc form""; ""report; administrative""; ""report; miscellaneous""; ""report; technical""; ""; draft""; ""; amendment""; ""order; confirmatory""; ""report; monthly""; ""; verbal""; ""; reply""; ""renewal; report""; ""license-operator;""; ""form 474; simulation;""; ""form 398; personal""; ""form 396; certification""; ""cask; isfsi; (amend)""; ""30; 40; 50; 70""; ""30; 40; 70""; ""40; 50; 70""; ""40; 70""; ""petition; responses""; ""correspondence; outgoing""; ""inspections; tests; analyses; and""; ""; initial""; ""rfps; invitation to bid; request""; ""; gsa""; ""contract; grant; or agreement""; ""; offer"") 135"
security frequently asked question (sfaq)
security incidence report
security plan
security program
secy case files
semi-annual operating report
senior management meeting (smm) results letter
sf
sf 135 records transmittal and receipt
significant event notification
significant event report
simulation facility certification
site access letter
site characterization plan
site redress plan
site safety analysis report (ssar)
slides and viewgraphs
snm license & amend /renewal to license
social media-photograph
software documentation
space management
special nuclear material physical inventory summary report
speech
spent fuel storage cask design
spreadsheet file
standard review plan
standard review plan update
standard technical specification incl change review agreement response
startup test report
state agreement application
state agreement program transmittal
state/local government to nrc
statement of work
"status c(""; sf form""; ""; (amend) dkt 72""; ""budget; draft""; ""budget; final""; ""statement; draft""; ""bulletin; draft""; ""letter; draft""; ""exam; draft""; ""nureg; draft""; ""guide; draft""; ""report; draft""; ""technical specification;""; ""; nrc form""; ""report; administrative""; ""report; miscellaneous""; ""report; technical""; ""; draft""; ""; amendment""; ""order; confirmatory""; ""report; monthly""; ""; verbal""; ""; reply""; ""renewal; report""; ""license-operator;""; ""form 474; simulation;""; ""form 398; personal""; ""form 396; certification""; ""cask; isfsi; (amend)""; ""30; 40; 50; 70""; ""30; 40; 70""; ""40; 50; 70""; ""40; 70""; ""petition; responses""; ""correspondence; outgoing""; ""inspections; tests; analyses; and""; ""; initial""; ""rfps; invitation to bid; request""; ""; gsa""; ""contract; grant; or agreement""; ""; offer"") paper"
status report
stipulations/agreements
strategic plan
subpoenas
system documentation
task action plan
task interface agreement response (tia)
technical paper
technical specifications
technical specifications & test reports
technical specifications-environmental
telegrams-correspondence
telephone or verbal conversation record
template
test report
test/inspection/operating procedure
test/inspection/operating procedures
text-bibliographic & catalogs & indexes
text-code of federal regulations
text-environmental reports
text-inspection & audit & i&e circulars
text-license applications & permits
text-procurement & contracts
text-safety report
topical report
topical report evaluation
training evaluation
training manual
transcript
transcripts
transportation route approval
trip report
trip reports
type b(dp) package
updated final safety analysis report (ufsar)
us code
user agreements
utility
utility to nrc
vendor/manufacturer to nrc
video recording
weekly activities/leap (war)
weekly information report
written event report (30 or 60 day)
yellow announcement
